,actor_account_id,churn_yn
0,0002609C,1.0
1,0021D8AA,0.0
2,0034768E,0.0
3,00513F5B,0.0
4,00679AED,0.0
5,00766017,0.0
6,007A75F7,0.0
7,00825E32,0.0
8,0086CC06,1.0
9,008B8315,0.0
10,0091A2F9,1.0
11,00C229DD,0.0
12,00CE46EF,1.0
13,00CFBAEA,0.0
14,00D7FFF5,0.0
15,00D81DCB,0.0
16,00DDAEEA,0.0
17,00E010FD,0.0
18,00F7F5CF,0.0
19,0104E413,0.0
20,01157E4A,0.0
21,0153E4F6,1.0
22,01576CEA,0.0
23,016CD77C,0.0
24,019ED9EC,0.0
25,01A69312,1.0
26,01B5E8EF,1.0
27,01B9C1A5,0.0
28,01C7AFED,0.0
29,01FA46ED,0.0
30,0235E734,0.0
31,02440DFE,0.0
32,0249DDD0,0.0
33,025035EC,1.0
34,0257A66E,0.0
35,026EF040,1.0
36,027B86F5,0.0
37,028A2EF3,1.0
38,02A8023D,1.0
39,02E4C2ED,1.0
40,02E662F3,1.0
41,02F3C30F,0.0
42,02F6BCDA,0.0
43,02FA3AEF,0.0
44,030A6920,0.0
45,033212F1,0.0
46,0334122C,1.0
47,0359B9ED,0.0
48,0361E5EC,0.0
49,03631CC6,1.0
50,036387ED,0.0
51,0375FB18,0.0
52,038FF647,1.0
53,039BD9AA,1.0
54,03A2AC8F,1.0
55,03A98C67,1.0
56,03B04480,1.0
57,03B1532B,0.0
58,03C940AF,0.0
59,03DD6155,0.0
60,03DFABFB,0.0
61,03E445DE,0.0
62,043736EF,0.0
63,044A63D6,0.0
64,0454C73C,1.0
65,046821F4,1.0
66,046A95FA,0.0
67,046FBAEE,1.0
68,047487AE,0.0
69,047C9EF3,0.0
70,048F67EA,1.0
71,053E84CC,0.0
72,055B0A07,0.0
73,055BFF9F,1.0
74,0564B4E2,0.0
75,0571A6F6,0.0
76,05730DF1,0.0
77,05A1A073,1.0
78,05AC9CED,1.0
79,05B8E4F2,0.0
80,05B9608D,1.0
81,05CEA2BF,1.0
82,05F1A56D,1.0
83,05FF88FE,0.0
84,0602B6EA,0.0
85,061211FF,1.0
86,0645A7EE,0.0
87,064CA3CE,0.0
88,065AB516,1.0
89,0662BDFE,0.0
90,066711DD,1.0
91,068C62EC,0.0
92,06A68277,0.0
93,06B03C4A,0.0
94,06BFB6EF,0.0
95,06C8E4E4,0.0
96,06D4F0F4,0.0
97,06EA3700,0.0
98,071D25A8,1.0
99,073D05ED,1.0
100,0762BFF7,0.0
101,077386EA,1.0
102,077DD812,0.0
103,07B220CB,1.0
104,07C25AF2,1.0
105,07C510EC,0.0
106,07C8F3F7,1.0
107,07CB2CA0,1.0
108,07DE3CF3,1.0
109,07E24887,1.0
110,07E5B4E1,0.0
111,07E9FAEC,1.0
112,07EE2DAE,0.0
113,08074DF7,0.0
114,081472EB,1.0
115,08152BFD,0.0
116,08175BEE,0.0
117,0818FBF5,0.0
118,082B690F,0.0
119,08520EFF,0.0
120,085C9FEB,0.0
121,0861C4EF,0.0
122,086F4C6C,1.0
123,088E07F0,1.0
124,08D1A64D,0.0
125,08FE3CFC,0.0
126,091767A3,0.0
127,092033A1,0.0
128,09319D1E,0.0
129,0931A733,1.0
130,093CB324,0.0
131,093CF9E0,1.0
132,0947C7FA,0.0
133,09482BF0,0.0
134,0948A2FB,0.0
135,0948C6EE,0.0
136,09491DF9,0.0
137,0952A513,1.0
138,097299EA,0.0
139,09838EED,0.0
140,0988BCF0,1.0
141,098C735A,0.0
142,0994E103,1.0
143,09987CD4,0.0
144,09987EA7,0.0
145,09A70AF5,0.0
146,09BCE7B3,1.0
147,09C719ED,0.0
148,09C83D70,0.0
149,09D0F4ED,0.0
150,09D63CF3,0.0
151,09FE803C,0.0
152,0A167FEC,0.0
153,0A1FCFC3,1.0
154,0A43DEF7,0.0
155,0A491AFF,1.0
156,0A65D7EA,0.0
157,0A8977FD,0.0
158,0ADB1CF2,1.0
159,0AE046EF,0.0
160,0AFD7FEF,0.0
161,0B0ACBA1,0.0
162,0B1747F8,0.0
163,0B1B1CF8,0.0
164,0B20859F,0.0
165,0B2639FF,0.0
166,0B4F2073,1.0
167,0B560DCD,0.0
168,0B7574F6,0.0
169,0B908AF0,1.0
170,0B9EA0EA,0.0
171,0BAF99F3,0.0
172,0BBDDE2A,0.0
173,0BE58061,1.0
174,0BF896DC,1.0
175,0BFD8AB5,0.0
176,0C0251E1,0.0
177,0C09BDEC,1.0
178,0C2790F7,0.0
179,0C2A06F3,0.0
180,0C31F669,0.0
181,0C328D3D,0.0
182,0C390AEE,0.0
183,0C3A08F5,0.0
184,0C4CE301,0.0
185,0C5168ED,0.0
186,0C78C5EB,0.0
187,0C90A802,0.0
188,0CB18162,1.0
189,0CCEF8B7,1.0
190,0D0449D9,0.0
191,0D1D7C20,0.0
192,0D272150,1.0
193,0D5B42ED,1.0
194,0D5B4544,0.0
195,0D83B7FD,1.0
196,0DB89505,0.0
197,0DD4E4F2,0.0
198,0DD6D8F2,0.0
199,0DDC11F7,1.0
200,0DE783F1,1.0
201,0DE9E8D9,0.0
202,0DF94A33,0.0
203,0E19B5D0,0.0
204,0E253BF8,0.0
205,0E8CB7F2,1.0
206,0EA4CEF8,0.0
207,0EBF7AF3,0.0
208,0EC546EF,1.0
209,0EED96EC,0.0
210,0EFDB8FA,0.0
211,0F118DF3,0.0
212,0F5FEA64,0.0
213,0F6F2439,0.0
214,0F703845,0.0
215,0F949F3F,0.0
216,0FA22571,0.0
217,0FC6CD37,0.0
218,0FEDEC16,1.0
219,1008AEF2,0.0
220,10145A0E,1.0
221,101510EF,1.0
222,1026B8C7,1.0
223,1039C2F3,0.0
224,104D069F,0.0
225,106077EE,0.0
226,107176FA,1.0
227,1078957E,0.0
228,1081723F,0.0
229,10BFB80F,0.0
230,1125FC7D,0.0
231,114E03EC,0.0
232,116414FE,0.0
233,116C8EED,0.0
234,116F1D41,1.0
235,117188EE,0.0
236,11736221,0.0
237,118E7C50,1.0
238,11C39CED,0.0
239,11DE6FCA,1.0
240,11DF9DD6,0.0
241,121C1936,0.0
242,122A83DB,0.0
243,1230AD52,0.0
244,126002F4,0.0
245,12741FFB,0.0
246,128A9FFF,0.0
247,12A70CEE,0.0
248,12A97BF6,0.0
249,12B37B72,0.0
250,12B6CE7D,1.0
251,12C9BCBF,0.0
252,12CB75EA,0.0
253,12D8D5DF,0.0
254,12DD14EF,0.0
255,12FC1FAE,1.0
256,133954AA,0.0
257,135F2EF5,1.0
258,1365873D,0.0
259,136CA1ED,0.0
260,1375DDF4,1.0
261,1376FD11,1.0
262,13AB91F0,0.0
263,13AF5DA6,0.0
264,13B382EB,0.0
265,13CCEF3B,0.0
266,13D491F9,1.0
267,13D94EF2,1.0
268,13DB4E05,0.0
269,1405AEF2,0.0
270,141619F3,0.0
271,1425E9F6,0.0
272,14376BFF,1.0
273,14AF87F4,1.0
274,14B28DFE,1.0
275,14CB01EF,0.0
276,14CE7DF9,1.0
277,14D741B0,1.0
278,14E1D16A,0.0
279,14F93C3D,1.0
280,150D5489,1.0
281,15269DE5,1.0
282,152F1D68,1.0
283,153D4A80,0.0
284,1549AA72,1.0
285,1549FA67,1.0
286,1563C2FC,0.0
287,158E1A55,1.0
288,159AA8F8,0.0
289,15AF57BA,1.0
290,15AF8222,1.0
291,15C39440,1.0
292,15C95A80,0.0
293,15EEAC2A,1.0
294,15EFFFE0,0.0
295,1621095E,1.0
296,167068A8,1.0
297,16777539,1.0
298,1687B7F2,0.0
299,1692A50C,0.0
300,16C1E1ED,0.0
301,16CAB467,0.0
302,16F201ED,0.0
303,16F58BF2,1.0
304,16F7B4F4,0.0
305,1701499B,0.0
306,1716DB18,0.0
307,17335B4A,0.0
308,173690E1,1.0
309,175F55D7,0.0
310,17680E06,0.0
311,1778E0EE,0.0
312,179881E1,1.0
313,17BA44C6,1.0
314,17C8A0FE,1.0
315,17E14EF2,0.0
316,17E1D0AE,0.0
317,17F442FD,1.0
318,1817EE35,1.0
319,182EEDFC,0.0
320,18420227,1.0
321,185329F7,0.0
322,1879C243,0.0
323,188528F4,1.0
324,1889C32F,0.0
325,188BE691,0.0
326,1899A0EA,0.0
327,18AB1FF9,0.0
328,18BB82EB,1.0
329,18D642FD,0.0
330,18E556EA,0.0
331,18E6FEF2,1.0
332,18F43E26,0.0
333,18FAB2A5,0.0
334,19031CEF,0.0
335,1921F0E1,0.0
336,1921F9FC,0.0
337,1945F5FE,1.0
338,194BEC28,1.0
339,195856F9,0.0
340,1962E5F7,1.0
341,198EBFEA,0.0
342,199B9C5A,0.0
343,19B1921A,0.0
344,19C53910,1.0
345,19D9B2CD,0.0
346,19DA44C5,1.0
347,19EB44EB,0.0
348,19F4E0EA,1.0
349,19F517AB,0.0
350,19F64176,0.0
351,1A0B9FDB,0.0
352,1A1C9379,0.0
353,1A2744F1,1.0
354,1A5CFB4E,0.0
355,1A5FBE3D,0.0
356,1A759BEE,0.0
357,1A8C2E5D,0.0
358,1A97D8F4,1.0
359,1AAFEDB8,0.0
360,1AB287FF,0.0
361,1ABFF641,0.0
362,1AE899FC,0.0
363,1AF9B2FB,0.0
364,1AF9D79C,0.0
365,1B0F7AF9,0.0
366,1B10AF8E,0.0
367,1B2106F3,0.0
368,1B24F3F2,0.0
369,1B288FF2,0.0
370,1B2AAAF5,1.0
371,1B36B714,1.0
372,1B49D9F9,1.0
373,1B4AB9FC,1.0
374,1B50DCFE,0.0
375,1B78CBEA,1.0
376,1BA543D1,0.0
377,1BAF12FB,0.0
378,1BAF75FB,1.0
379,1BBAB6EF,0.0
380,1BBDCAFB,0.0
381,1BC74BED,0.0
382,1BC8B9F4,0.0
383,1BFCDC26,0.0
384,1C0CD6F6,1.0
385,1C0F86EE,1.0
386,1C151898,0.0
387,1C6936F8,0.0
388,1C6EF756,1.0
389,1C9ABF8A,0.0
390,1C9DDF3B,0.0
391,1C9E5BEA,1.0
392,1CA6597B,0.0
393,1CAD5AF2,0.0
394,1CB1A8ED,0.0
395,1CBA85F0,0.0
396,1CBD62EA,0.0
397,1CCAF7F2,1.0
398,1CF75B21,0.0
399,1CFF07EC,1.0
400,1D1A3992,1.0
401,1D6E04F8,1.0
402,1D81A2B2,0.0
403,1D8FF1F5,1.0
404,1D9118EE,0.0
405,1DADAAAD,0.0
406,1DB53771,1.0
407,1DD485F8,1.0
408,1DFA008F,1.0
409,1E03F7BA,0.0
410,1E0EA690,0.0
411,1E1F60F7,1.0
412,1E27BDF5,0.0
413,1E2A23C5,0.0
414,1E2C01B6,0.0
415,1E379EE9,0.0
416,1E52C778,0.0
417,1E646DEB,0.0
418,1E77D3ED,0.0
419,1E7D7CEE,0.0
420,1E8AD0C7,0.0
421,1EA273FF,1.0
422,1EA407FB,0.0
423,1EA711E9,1.0
424,1ED1CCBD,0.0
425,1EE752ED,0.0
426,1EED5ED9,0.0
427,1F3629EE,1.0
428,1F4530EE,0.0
429,1F53663B,1.0
430,1F6B0C1C,1.0
431,1F766070,1.0
432,1F9356EC,0.0
433,1F9ACE98,1.0
434,1FAFC4F1,0.0
435,1FB885F0,0.0
436,1FC358C0,0.0
437,1FD0771D,0.0
438,1FD2CCFF,1.0
439,1FE556EA,1.0
440,1FF5DEF1,0.0
441,1FF7A9F7,1.0
442,200409DF,0.0
443,200B8B66,0.0
444,200C14FD,0.0
445,20300F92,0.0
446,203F7BEF,0.0
447,203F8209,0.0
448,204E3ABA,1.0
449,2055EBED,0.0
450,2076E9EA,0.0
451,207F1ECA,0.0
452,20A3B8F3,0.0
453,20B982EB,0.0
454,20EC048C,1.0
455,20F888FE,1.0
456,212FD2F9,0.0
457,2138ED60,0.0
458,213934EB,0.0
459,21799FF7,1.0
460,217EEBCF,0.0
461,21936C9E,1.0
462,21973A1C,0.0
463,21B5AFF8,0.0
464,21C054C8,1.0
465,21C2ED6F,1.0
466,21ED411A,0.0
467,21FBF1CE,0.0
468,220B0EF6,1.0
469,222737E9,0.0
470,222E8AF4,0.0
471,22BECEED,0.0
472,22D54FF3,1.0
473,22D754FC,0.0
474,22E249F4,0.0
475,22E67606,1.0
476,23000893,0.0
477,2314AFF3,1.0
478,2331561E,0.0
479,233C9A80,0.0
480,234D9DF2,1.0
481,238386EA,1.0
482,238A3EEE,0.0
483,238FA7EC,1.0
484,23B28FEC,0.0
485,23D907F9,1.0
486,23ED0E30,0.0
487,24035DEB,0.0
488,2407C5EF,0.0
489,24269FF8,0.0
490,243FFF05,0.0
491,2447FAF2,0.0
492,246FF9DA,0.0
493,2473C3F2,1.0
494,2484B4ED,0.0
495,2488E8F1,0.0
496,249998F2,1.0
497,24A8D3A7,1.0
498,24F2B36E,0.0
499,24F53637,1.0
500,254942ED,0.0
501,2587D9EC,0.0
502,25A528D9,1.0
503,25A5C7ED,0.0
504,25AE79F2,0.0
505,25B21BFC,0.0
506,25C853FB,0.0
507,25CAC2ED,1.0
508,25CE1666,0.0
509,25DFA333,0.0
510,25EB22FC,1.0
511,25F6A9F7,0.0
512,2631F5A5,1.0
513,263FA540,0.0
514,26403AF5,0.0
515,2655111C,1.0
516,26593EF0,0.0
517,267B5299,0.0
518,268C4489,0.0
519,2694222E,0.0
520,26B0CC88,0.0
521,26B15DDA,1.0
522,26BE8872,0.0
523,26C235F3,0.0
524,26C871E7,0.0
525,26F130CB,0.0
526,27333213,0.0
527,274730F9,1.0
528,276BEAD1,0.0
529,27D0CFF9,0.0
530,27DAD7F1,0.0
531,27DC9762,1.0
532,27EE81FE,0.0
533,280317F1,0.0
534,28239D24,0.0
535,2859C2FD,1.0
536,28681486,0.0
537,28A6604E,0.0
538,28AA72D7,1.0
539,28B45AFD,1.0
540,28D9EB57,0.0
541,28EB67FC,0.0
542,290A6DF8,0.0
543,294DE7AA,0.0
544,295846F3,1.0
545,296578B6,0.0
546,29726E40,1.0
547,2997C2AD,1.0
548,29A1BDF1,0.0
549,29A1C3E7,0.0
550,29B97273,0.0
551,29DC293D,0.0
552,29DF0C43,0.0
553,29E52FFE,0.0
554,29EE660A,0.0
555,29F081FE,1.0
556,2A0586F9,1.0
557,2A1B5092,1.0
558,2A34947E,0.0
559,2A4435F8,0.0
560,2A5F8B94,0.0
561,2A63BFF7,1.0
562,2A7D5AC6,1.0
563,2A99C5F4,0.0
564,2AAA52EF,1.0
565,2AD57DED,0.0
566,2AE31DE4,0.0
567,2AE327EF,0.0
568,2B35C207,0.0
569,2B3AC8F2,0.0
570,2B49D54A,1.0
571,2B544E3E,0.0
572,2B5939F2,1.0
573,2B67B316,1.0
574,2BAD0CEE,0.0
575,2BBE7765,0.0
576,2BC1BAEA,0.0
577,2BC783EC,1.0
578,2BDB8636,0.0
579,2C375ED7,1.0
580,2C4DC721,0.0
581,2C546051,1.0
582,2C5983F0,0.0
583,2C8136F6,0.0
584,2C9E8752,1.0
585,2CA7CC8E,1.0
586,2CD1E6EB,0.0
587,2CD71C8D,1.0
588,2D04D66B,1.0
589,2D0CE1F3,0.0
590,2D1519FE,1.0
591,2D1A63AF,1.0
592,2D3F643D,0.0
593,2D6F35F7,0.0
594,2D912172,1.0
595,2D922895,1.0
596,2DA6EA91,0.0
597,2DB9D249,1.0
598,2DBAF8F5,0.0
599,2DD4DF80,0.0
600,2DD9DD4C,0.0
601,2DE410FD,0.0
602,2E1E5BF9,0.0
603,2E233EFD,0.0
604,2E4C9895,1.0
605,2E6886F5,0.0
606,2EA325F8,1.0
607,2EBECD5D,1.0
608,2EC0AFED,0.0
609,2EC4EC88,0.0
610,2F1DFD29,0.0
611,2F33B5F2,0.0
612,2F453B83,0.0
613,2F991FF9,1.0
614,2FA798BB,1.0
615,2FB30AF5,1.0
616,2FD162EA,0.0
617,2FD867CD,1.0
618,2FF3BBEB,1.0
619,2FF457F6,1.0
620,2FF611F3,1.0
621,2FFBA9F7,0.0
622,3004715B,0.0
623,3022D4F2,0.0
624,303683F2,1.0
625,30425754,1.0
626,306AD42B,0.0
627,3087E8BD,0.0
628,30A85CEB,1.0
629,30B5E80F,0.0
630,30BFAA30,0.0
631,30D753F0,0.0
632,30DF71ED,0.0
633,30E24366,0.0
634,3128D5F3,0.0
635,31490BEF,0.0
636,314DD6FF,0.0
637,3155222B,1.0
638,316486F5,1.0
639,317184FC,0.0
640,3197B8F3,0.0
641,31AF97EF,0.0
642,31AFCD3C,0.0
643,31B7CDEC,0.0
644,31FCCFF5,0.0
645,3203A3F5,0.0
646,3209C14E,0.0
647,3217F0C1,0.0
648,324C55ED,0.0
649,328100DA,0.0
650,32876A3A,1.0
651,32FF43CE,0.0
652,331694A3,1.0
653,332025F3,1.0
654,3333A68D,0.0
655,334F01FE,0.0
656,335109EB,0.0
657,33768081,1.0
658,33887FF3,1.0
659,33B35C43,0.0
660,33B53BF2,0.0
661,33FAD153,1.0
662,3420CF8D,0.0
663,3447F4FC,1.0
664,346221B6,0.0
665,34622644,0.0
666,34704469,0.0
667,34768081,1.0
668,348C30EC,0.0
669,34931F21,0.0
670,349D81EA,0.0
671,34C203FC,1.0
672,34C79CED,0.0
673,34D2295C,0.0
674,34DA29FE,0.0
675,34DCB3AB,0.0
676,34E4E8F8,1.0
677,34FF0E09,1.0
678,352C946A,0.0
679,35305FC9,1.0
680,356C91F2,0.0
681,35CC0AF3,0.0
682,35CE18F0,0.0
683,35DB96EC,0.0
684,35E3B1FA,0.0
685,35E4A948,0.0
686,35F211F3,0.0
687,36269AEF,0.0
688,36388F32,0.0
689,3641AAFC,0.0
690,364444F1,0.0
691,364C6BFF,0.0
692,367309C7,1.0
693,367ED391,0.0
694,3680E726,0.0
695,36AD1BAA,0.0
696,36C15AF2,1.0
697,36CC24A4,0.0
698,36D0B326,0.0
699,36DC08FA,0.0
700,36E47CBE,0.0
701,36EB0F92,0.0
702,372163FC,0.0
703,372633F5,1.0
704,373C71FE,0.0
705,3740C01D,0.0
706,3745B6F2,0.0
707,37630BEF,0.0
708,376CECEE,0.0
709,37832F93,0.0
710,3785117E,0.0
711,37B2E0F7,1.0
712,37BEB7F0,0.0
713,37EC57F6,0.0
714,37FD3526,0.0
715,380BFBE3,0.0
716,381A25F3,0.0
717,387C38FA,0.0
718,38847205,0.0
719,3888B197,0.0
720,38B8DBE5,1.0
721,38C28529,1.0
722,38D03DEF,0.0
723,38E164F7,0.0
724,38EC7DE2,0.0
725,38F2F438,0.0
726,3925EB9E,0.0
727,39643BEB,0.0
728,3965C5EB,0.0
729,397398AB,1.0
730,39A3F4EF,0.0
731,39B27AF3,1.0
732,39B822F3,1.0
733,39D9740D,0.0
734,39E1B3FE,1.0
735,3A2616EE,0.0
736,3A5F5886,0.0
737,3A621FFB,0.0
738,3A6AE5EC,1.0
739,3A7439F2,0.0
740,3A8885F1,0.0
741,3A91C4FE,0.0
742,3AA26D83,1.0
743,3AA784EF,1.0
744,3AB3BDD3,0.0
745,3ADE3FED,0.0
746,3ADFF9D9,0.0
747,3AF82F85,1.0
748,3AFCCC75,0.0
749,3B08BBA2,0.0
750,3B12784D,0.0
751,3B2018E4,0.0
752,3B3F41EC,1.0
753,3B55BDFE,0.0
754,3B64BDF3,0.0
755,3B76AB89,0.0
756,3B947EF0,0.0
757,3BA5BBED,0.0
758,3BC3FB4A,1.0
759,3C147063,0.0
760,3C329EF5,0.0
761,3C3DBCE5,0.0
762,3C69A2F0,1.0
763,3C6DE6C8,0.0
764,3C901B57,1.0
765,3CACA68B,1.0
766,3CBE9EFB,1.0
767,3CC5EBF4,1.0
768,3CD72EB0,0.0
769,3CE57BFC,0.0
770,3D01A588,0.0
771,3D021CFA,0.0
772,3D2C0AEE,1.0
773,3D2F65EB,0.0
774,3D72C0ED,0.0
775,3DB562EA,0.0
776,3DCB47C6,1.0
777,3DDBF2F7,1.0
778,3DF76CEF,0.0
779,3E0171F5,0.0
780,3E02632A,1.0
781,3E0B77FF,0.0
782,3E1708EC,1.0
783,3E1B7AF9,1.0
784,3E24C1F2,1.0
785,3E2A172B,0.0
786,3E327F90,0.0
787,3E5045F2,0.0
788,3E8074F6,0.0
789,3EA6F7D8,0.0
790,3EA84B80,0.0
791,3F18FDEE,0.0
792,3F30CDF0,0.0
793,3F73F040,1.0
794,3F7587EB,0.0
795,3F9456FA,0.0
796,3FC860F1,0.0
797,3FCB1843,0.0
798,3FD981B1,1.0
799,3FEFD011,0.0
800,4012BE69,0.0
801,4024B9BB,1.0
802,402EDAFC,0.0
803,403BC8FD,0.0
804,40499317,0.0
805,40545B1E,0.0
806,40732FEB,1.0
807,409B7DC9,0.0
808,40AD66F2,0.0
809,40BAC2F8,0.0
810,40BB6C40,1.0
811,40BF70DB,1.0
812,40BFECF5,0.0
813,40CA2214,0.0
814,40CB9A16,0.0
815,40D2C2ED,1.0
816,40EABCEC,0.0
817,4127BEE7,0.0
818,4135ECF0,0.0
819,413F2EAF,0.0
820,4150FBD9,1.0
821,416BA141,0.0
822,41AE3337,0.0
823,41E1D08A,1.0
824,41E75EED,0.0
825,41F10095,0.0
826,42058CF8,1.0
827,4207B814,0.0
828,423B96F2,0.0
829,42522B2C,1.0
830,42ACABB4,0.0
831,42C33976,1.0
832,42C433FA,0.0
833,42D062E2,0.0
834,4312E40A,0.0
835,43163ECE,0.0
836,4334A2F2,0.0
837,433B94EE,0.0
838,4348D95F,0.0
839,43A5BEFD,1.0
840,43A6B6EF,1.0
841,43B5C37B,0.0
842,43EB30FE,0.0
843,43F867F1,0.0
844,442B73EC,0.0
845,444CF0F6,0.0
846,445644A9,0.0
847,445BB0F2,1.0
848,44640EF4,0.0
849,446EFD9D,1.0
850,44803E1F,0.0
851,44A19854,0.0
852,44AB0A46,0.0
853,44AF9D02,0.0
854,44D01B3B,1.0
855,44EAAC4A,0.0
856,44FDBCEC,1.0
857,45001082,0.0
858,45393DEF,1.0
859,453F1AF4,0.0
860,458BCE16,0.0
861,459288F7,0.0
862,459B2847,0.0
863,45B3B4EB,1.0
864,45FE9FFB,0.0
865,46085C92,0.0
866,460F5808,0.0
867,461095DD,1.0
868,462183F2,0.0
869,46351AFF,1.0
870,466154F5,0.0
871,468AEE69,0.0
872,468BC9E5,0.0
873,4695436D,0.0
874,46B13439,0.0
875,46BC22F3,0.0
876,46BF19ED,0.0
877,46DE487C,0.0
878,46F8CB29,1.0
879,46FFADF2,1.0
880,470DF2F1,0.0
881,472D4DEC,0.0
882,473A2AEF,0.0
883,473E0AEE,1.0
884,473E9E43,0.0
885,473EC3C0,1.0
886,4740C9B8,0.0
887,47466DE3,0.0
888,4746DBF2,0.0
889,47492348,1.0
890,4750940D,0.0
891,4781C1AE,0.0
892,478A6E27,1.0
893,47B39832,0.0
894,4804D7EE,0.0
895,48139AFA,0.0
896,4814F3F2,0.0
897,4844AEF0,0.0
898,484D5EAE,0.0
899,48667A9D,0.0
900,486930AF,1.0
901,488785FD,0.0
902,4897050D,1.0
903,4898CBFE,1.0
904,4899593C,1.0
905,48A972F4,0.0
906,48D68EEE,1.0
907,48E40FFC,1.0
908,48E6CBF1,0.0
909,491740EB,1.0
910,492088AC,1.0
911,493F1CF2,0.0
912,494412F9,0.0
913,49502DF4,1.0
914,4989B250,1.0
915,499DCB3A,1.0
916,49CE68E8,1.0
917,49D3A3F8,1.0
918,49D644EB,0.0
919,49FA62F3,1.0
920,49FA76FF,0.0
921,4A0164FF,1.0
922,4A0FACF9,0.0
923,4A2C1CF8,0.0
924,4A3A0F7B,1.0
925,4A71E0EE,0.0
926,4A866DA6,0.0
927,4A9666F2,0.0
928,4ACA1FF7,1.0
929,4AD8C81E,0.0
930,4B0871EA,1.0
931,4B0986F9,0.0
932,4B68EB8D,0.0
933,4B825FE3,0.0
934,4B9A83F9,1.0
935,4B9E85FD,0.0
936,4BA4B527,1.0
937,4BB995F6,0.0
938,4BD0F7F2,0.0
939,4BDDAEF5,1.0
940,4BF457F6,0.0
941,4C0E9272,0.0
942,4C3B5CFA,0.0
943,4C57FD5D,0.0
944,4C66E3FE,0.0
945,4CA3E752,0.0
946,4CC008FC,0.0
947,4CCBDD57,0.0
948,4CF876FB,0.0
949,4D29E15D,0.0
950,4D39C6EE,0.0
951,4D3F4EFE,1.0
952,4D581BF5,0.0
953,4D68DDF4,0.0
954,4D8645A5,0.0
955,4D9041F3,0.0
956,4D93CDF7,1.0
957,4DAF27FC,1.0
958,4DBEE136,0.0
959,4DEABA64,0.0
960,4E00F0E7,1.0
961,4E0E69FD,0.0
962,4E4461ED,0.0
963,4E44EAEC,0.0
964,4E5E70F0,0.0
965,4E5F2B72,1.0
966,4E628AE1,0.0
967,4E66210F,0.0
968,4E6B36BC,1.0
969,4E8B2D35,0.0
970,4EA13B22,0.0
971,4EA8BA13,0.0
972,4EACFA60,0.0
973,4EB071EF,1.0
974,4EB3347D,1.0
975,4EB406ED,0.0
976,4EB978DA,1.0
977,4EB9BF5C,0.0
978,4ECCC16B,1.0
979,4EDDC2F8,1.0
980,4EE230FE,1.0
981,4EF560EF,1.0
982,4F12027F,0.0
983,4F2E8A7F,1.0
984,4F30497B,0.0
985,4F400025,0.0
986,4F5707FD,0.0
987,4F57E9E3,0.0
988,4F6806A4,0.0
989,4F725388,0.0
990,4F7CB9F6,0.0
991,4F846ADA,0.0
992,4F8DA3BA,0.0
993,4F93FEF6,0.0
994,4F9DBBED,0.0
995,4FA7EE2C,1.0
996,4FAAE6D4,0.0
997,4FADC9EF,0.0
998,4FB62FFB,1.0
999,4FC2C9EF,0.0
1000,4FC3DA59,0.0
1001,4FCF9C44,0.0
1002,4FD846EF,0.0
1003,4FDBF709,0.0
1004,4FED8FEA,1.0
1005,4FF1BAEA,1.0
1006,5034C0FA,0.0
1007,507305EE,1.0
1008,507E61F6,0.0
1009,5086BD04,0.0
1010,5089CD6B,1.0
1011,50D847F0,1.0
1012,50F9546D,0.0
1013,512970F2,0.0
1014,51634DEA,0.0
1015,516D8FFE,0.0
1016,519395AF,0.0
1017,51B062EA,0.0
1018,51B35D12,0.0
1019,51C3D401,0.0
1020,520F02ED,0.0
1021,5217CFE0,0.0
1022,52370A21,1.0
1023,5273B733,0.0
1024,528B2BF9,1.0
1025,529455CA,1.0
1026,52CAAD81,1.0
1027,52F609FB,0.0
1028,531ACF92,0.0
1029,532287FA,1.0
1030,5327DDEB,1.0
1031,534F1CE6,0.0
1032,53526C7C,0.0
1033,535D6EEC,0.0
1034,5361B50B,0.0
1035,539BE1B7,1.0
1036,53A19E52,0.0
1037,53C03A6D,0.0
1038,53C5C2ED,1.0
1039,53CA06ED,0.0
1040,53E9F921,0.0
1041,54017EAE,1.0
1042,542EA8AF,1.0
1043,543519F3,0.0
1044,544950FA,1.0
1045,545C94F4,0.0
1046,5471ADED,0.0
1047,54762906,1.0
1048,54A893B4,1.0
1049,54C11615,1.0
1050,54C15FF0,0.0
1051,54CFB4EB,0.0
1052,54D74205,1.0
1053,54E5DEF6,1.0
1054,54F8DADA,0.0
1055,54FAAA99,0.0
1056,551770F2,1.0
1057,551E2741,0.0
1058,553579FD,0.0
1059,5544FBD8,0.0
1060,55599721,0.0
1061,555B77F2,0.0
1062,556A9EFE,0.0
1063,5580E606,0.0
1064,55B55818,1.0
1065,55C5D7F1,0.0
1066,55D89319,1.0
1067,55FA3AD5,1.0
1068,5603A933,1.0
1069,560972EB,0.0
1070,563D8ACE,1.0
1071,564834EB,1.0
1072,564A27F5,1.0
1073,56525245,0.0
1074,56541948,0.0
1075,565D46F3,0.0
1076,568055EB,0.0
1077,56C218EC,0.0
1078,56C7F2F4,0.0
1079,56CF2C2E,0.0
1080,56D0D4F7,0.0
1081,56D811F5,0.0
1082,56E68EF4,0.0
1083,56E9B9FD,0.0
1084,56EC4A78,0.0
1085,56FF0973,0.0
1086,570F2B4E,0.0
1087,573C45F2,0.0
1088,5762A928,0.0
1089,57653A1E,0.0
1090,57AD12F8,0.0
1091,57AE7AFE,0.0
1092,57C060F1,0.0
1093,57C3EBF4,0.0
1094,57CAD3C9,0.0
1095,57D485F0,0.0
1096,57DFD5F8,0.0
1097,57E0F452,0.0
1098,581026F4,1.0
1099,5832E5FC,0.0
1100,584FE2E1,0.0
1101,5856F1A5,0.0
1102,5874F3BF,0.0
1103,587F9597,0.0
1104,58808EED,0.0
1105,5883BFEA,1.0
1106,588ADDEC,0.0
1107,58939F86,0.0
1108,58B28EF6,0.0
1109,58B435F3,0.0
1110,58BA1AFB,0.0
1111,58BBE6EB,0.0
1112,58C54AF7,1.0
1113,58D983EC,0.0
1114,59258AF4,0.0
1115,593E563C,1.0
1116,59413167,0.0
1117,59474BFC,0.0
1118,5973DD51,0.0
1119,5996F7F7,1.0
1120,59C3B2E7,0.0
1121,59CAC2ED,0.0
1122,59DA34A5,0.0
1123,59DE3A89,0.0
1124,59E3EC57,1.0
1125,59EBCAFF,0.0
1126,59F3E4E7,0.0
1127,59F603FC,0.0
1128,5A22849E,0.0
1129,5A22DEEE,0.0
1130,5A2C41FC,0.0
1131,5A3958C1,0.0
1132,5A46CD05,0.0
1133,5A50EFF3,0.0
1134,5A947296,0.0
1135,5ABB94EA,0.0
1136,5AC000F9,0.0
1137,5ADD5FF9,0.0
1138,5AF32D4D,0.0
1139,5B0654F9,0.0
1140,5B1B4F9C,0.0
1141,5B3B6FB3,0.0
1142,5B4818F0,0.0
1143,5B560BEF,1.0
1144,5BB7D034,1.0
1145,5BC3D4F7,0.0
1146,5C04D6F6,1.0
1147,5C458145,0.0
1148,5C5641F0,0.0
1149,5CA31A0B,0.0
1150,5CC7EC1F,0.0
1151,5CC9A357,0.0
1152,5CCE60F1,1.0
1153,5CD12A42,0.0
1154,5CE062DF,0.0
1155,5D2359F5,1.0
1156,5D297BFA,0.0
1157,5D2F71FE,0.0
1158,5D33D64C,0.0
1159,5D413920,0.0
1160,5D57D35C,1.0
1161,5D61C5EB,1.0
1162,5D8897FC,1.0
1163,5DBEB190,0.0
1164,5DCCBFFE,0.0
1165,5DE45E9E,1.0
1166,5DF0B4F4,0.0
1167,5DFD34F9,0.0
1168,5E0388D9,1.0
1169,5E0FB4F1,0.0
1170,5E205F99,0.0
1171,5E40C2C4,0.0
1172,5E512BF0,0.0
1173,5E8D6B94,1.0
1174,5EA85AF2,0.0
1175,5EB9DCEF,0.0
1176,5ECFABFB,0.0
1177,5ED819CC,0.0
1178,5F0070F4,0.0
1179,5F0992D8,1.0
1180,5F27CCA3,1.0
1181,5F820EF2,0.0
1182,5F8D9278,1.0
1183,5F9CD240,0.0
1184,5FA2F2EB,0.0
1185,5FA587FF,0.0
1186,5FBB1A27,0.0
1187,5FCCF4F8,0.0
1188,600694FB,0.0
1189,60170E5E,0.0
1190,607837EE,0.0
1191,6085D7FE,0.0
1192,609D7C5C,0.0
1193,60AB5BEA,1.0
1194,60B603F3,0.0
1195,60C0BAEA,0.0
1196,60ED4FF3,0.0
1197,60F6C483,0.0
1198,6119DCF5,0.0
1199,611F2836,0.0
1200,61455579,0.0
1201,61468982,0.0
1202,6158203D,0.0
1203,6164C415,1.0
1204,618EB2DC,0.0
1205,619462EC,0.0
1206,619DEEF4,0.0
1207,61A9A751,0.0
1208,61AAC69C,0.0
1209,61BAE7BF,1.0
1210,620DEDBE,1.0
1211,62124FFD,0.0
1212,621D51FD,0.0
1213,62635EA3,0.0
1214,62A396CC,1.0
1215,62DE1DF3,0.0
1216,62ECCCF2,0.0
1217,62F29DC8,0.0
1218,62F2AFAD,0.0
1219,62F579F0,0.0
1220,632ADD89,0.0
1221,632C0DFE,0.0
1222,634271F3,0.0
1223,63602511,0.0
1224,6368ADF9,0.0
1225,636B17F8,0.0
1226,63908AF0,0.0
1227,63B4118A,0.0
1228,63DC29F3,0.0
1229,63DC4FF3,0.0
1230,63E56F4D,0.0
1231,63E585B7,1.0
1232,63E5FEF2,0.0
1233,64027C49,0.0
1234,641172FF,0.0
1235,64240EEB,0.0
1236,64278AF4,0.0
1237,643EFE27,0.0
1238,644EA6C7,0.0
1239,6462FCC7,0.0
1240,6469D1E0,1.0
1241,6487733A,1.0
1242,6490B7D5,0.0
1243,64C98DF3,0.0
1244,64F26927,1.0
1245,6516AFF3,0.0
1246,6525FBC7,0.0
1247,653576AA,1.0
1248,653F605A,0.0
1249,6547A2E6,1.0
1250,6547DB60,1.0
1251,655862F9,0.0
1252,6572C5F6,0.0
1253,65852A7D,0.0
1254,6586B4ED,0.0
1255,65981AE9,0.0
1256,65AFA322,0.0
1257,65C8357D,1.0
1258,65D89CB4,0.0
1259,65ED09FB,0.0
1260,663A63F1,0.0
1261,664E31FA,1.0
1262,66612BF0,0.0
1263,66692AF8,1.0
1264,667E9FEA,1.0
1265,6696BDFC,1.0
1266,66A624EC,0.0
1267,66BD28F2,0.0
1268,66DAC8EC,0.0
1269,67092DA5,0.0
1270,671755EF,0.0
1271,672406FE,0.0
1272,67295BF9,1.0
1273,672AC4EC,0.0
1274,673A569C,1.0
1275,674544F1,1.0
1276,676060F5,0.0
1277,677EDCA0,0.0
1278,678C6927,1.0
1279,67960B30,0.0
1280,6796BFE2,0.0
1281,679EEC67,0.0
1282,67B5EB40,0.0
1283,67B69BEC,0.0
1284,67D284C9,1.0
1285,67D4D495,1.0
1286,67E944EB,0.0
1287,6809D707,0.0
1288,68174CEB,0.0
1289,68358CF6,0.0
1290,6848EEF2,0.0
1291,686788EE,0.0
1292,688FF1EA,0.0
1293,689E6858,1.0
1294,68B300EE,0.0
1295,68E0CBF1,0.0
1296,68FCA5FE,1.0
1297,6908E0F2,0.0
1298,690B18FD,0.0
1299,690D9FF8,0.0
1300,6929C98C,1.0
1301,692F4641,1.0
1302,6949B535,0.0
1303,694FE553,0.0
1304,69500D1E,0.0
1305,6A08343B,1.0
1306,6A0A71F5,0.0
1307,6A1572EB,0.0
1308,6A22B2F8,0.0
1309,6A2F8DF9,0.0
1310,6A3FA850,1.0
1311,6A463A00,0.0
1312,6A4796F2,1.0
1313,6A654BFC,1.0
1314,6A67862E,1.0
1315,6AA36987,1.0
1316,6AB04845,0.0
1317,6AD805F3,0.0
1318,6AEDCCD8,1.0
1319,6AF745EC,0.0
1320,6AF95015,0.0
1321,6B0A4592,0.0
1322,6B15DCEA,1.0
1323,6B16B7F6,0.0
1324,6B1A2490,0.0
1325,6B62C3FD,0.0
1326,6B774311,0.0
1327,6B7E1C1D,0.0
1328,6B83B05A,1.0
1329,6BA14BFA,0.0
1330,6BA7E8EF,0.0
1331,6BF015FB,1.0
1332,6C335CFA,0.0
1333,6C3D355E,1.0
1334,6C646069,0.0
1335,6C6ACAFF,1.0
1336,6C83DC6A,0.0
1337,6C879CFA,0.0
1338,6CD1A8EB,1.0
1339,6CDF3EAF,1.0
1340,6CE947F0,0.0
1341,6CF866F9,0.0
1342,6D0A08F7,1.0
1343,6D1F1953,1.0
1344,6D2752EA,0.0
1345,6D27DCEA,0.0
1346,6D2C4212,0.0
1347,6D35FDF6,0.0
1348,6D42F35D,1.0
1349,6D43A2FB,0.0
1350,6D4A70F0,0.0
1351,6D6CBB53,1.0
1352,6D8A5BEA,0.0
1353,6D933CF5,0.0
1354,6D94A0EA,0.0
1355,6D94A7EC,0.0
1356,6DBD2400,1.0
1357,6DBF5DEC,1.0
1358,6DDC1806,1.0
1359,6DE099FC,0.0
1360,6E123867,1.0
1361,6E21A2D1,0.0
1362,6E21B0FF,0.0
1363,6E2D0EEB,0.0
1364,6E3884F3,0.0
1365,6E3DE6AD,0.0
1366,6E50D7EA,0.0
1367,6E510BEF,1.0
1368,6E6D74C6,1.0
1369,6E6EA3FC,0.0
1370,6E83D3BB,0.0
1371,6E86E6F8,0.0
1372,6E9FA7EC,1.0
1373,6ECB3CFE,0.0
1374,6ECD4AAC,0.0
1375,6F0D10EF,0.0
1376,6F13F716,0.0
1377,6F2000F0,0.0
1378,6F20D9FB,1.0
1379,6F4C1845,0.0
1380,6F57FCF4,0.0
1381,6F623A19,0.0
1382,6F7461EB,0.0
1383,6FB9387C,0.0
1384,6FCBF6F1,1.0
1385,6FD0D402,0.0
1386,6FD155A7,0.0
1387,6FD30935,1.0
1388,6FDB4656,0.0
1389,6FFEA058,1.0
1390,6FFFD878,0.0
1391,700A2FEF,0.0
1392,700D40EB,1.0
1393,70193D06,0.0
1394,702F789B,0.0
1395,704CD8ED,0.0
1396,70587C68,0.0
1397,70714FC7,1.0
1398,707AEEF0,0.0
1399,709A6556,0.0
1400,70CBE191,0.0
1401,70EAAD43,0.0
1402,710452E3,0.0
1403,71056F6A,0.0
1404,712E06F3,0.0
1405,7142E9F4,0.0
1406,715CE73D,1.0
1407,717B52E2,1.0
1408,718D55EB,1.0
1409,719E99DB,0.0
1410,71C72DF0,1.0
1411,71E15B13,0.0
1412,71ED5C3A,1.0
1413,7200BD23,0.0
1414,720196F4,0.0
1415,7217A2F2,0.0
1416,72190AD3,1.0
1417,721D4375,0.0
1418,721FF6ED,1.0
1419,726283F0,0.0
1420,726B6EA9,0.0
1421,72723E4A,1.0
1422,7286CCEB,1.0
1423,7288F040,0.0
1424,72909874,0.0
1425,72F70DED,1.0
1426,731647ED,0.0
1427,7321EDD0,1.0
1428,733566BF,0.0
1429,7337A3FA,0.0
1430,73655DA5,0.0
1431,7399A5A5,1.0
1432,73A3AF1D,0.0
1433,73CB475B,0.0
1434,73CCF509,0.0
1435,73D09B8E,0.0
1436,73D691EE,0.0
1437,73D7BAEA,0.0
1438,73E89A07,0.0
1439,73ECACF1,0.0
1440,741A5905,0.0
1441,7428A3FB,1.0
1442,74410EFF,0.0
1443,745A5524,1.0
1444,74654100,0.0
1445,74A1F9ED,1.0
1446,74E923FD,1.0
1447,75257E57,1.0
1448,753C940F,0.0
1449,7544C8FD,0.0
1450,75682AF8,0.0
1451,756CC0ED,0.0
1452,75A7DDFD,0.0
1453,75E9C98A,0.0
1454,75FCD7AF,0.0
1455,75FD60F9,0.0
1456,76301FFD,1.0
1457,7633FBFE,0.0
1458,7674C0ED,0.0
1459,768CB1FE,1.0
1460,76B313AD,0.0
1461,76DA8EF4,0.0
1462,76DFAA53,1.0
1463,76ED25FE,0.0
1464,76F8CCF2,0.0
1465,770813FF,0.0
1466,7715FC03,1.0
1467,772F70F2,1.0
1468,774ABA14,0.0
1469,7769E69A,1.0
1470,7779002D,0.0
1471,77AAA2A8,0.0
1472,77E2D5F8,0.0
1473,780CA25D,1.0
1474,781E4420,0.0
1475,783A6027,0.0
1476,783F40F4,1.0
1477,78474FF9,0.0
1478,7847FAF5,1.0
1479,7850FF48,1.0
1480,786A674C,0.0
1481,78729B28,0.0
1482,787E9500,0.0
1483,78ADD19F,1.0
1484,78B333A4,0.0
1485,78C22EE5,0.0
1486,78C390ED,0.0
1487,78DC90F8,0.0
1488,78F4BD93,1.0
1489,78FF5278,0.0
1490,7909260A,0.0
1491,791F08EC,0.0
1492,79453DB3,0.0
1493,794F2F76,1.0
1494,795313BF,0.0
1495,795DADED,0.0
1496,7972C784,0.0
1497,797F8B2F,0.0
1498,7988F040,0.0
1499,798F26F0,0.0
1500,799341A8,1.0
1501,799EFAF9,0.0
1502,79B4AF48,0.0
1503,7A17DEEE,1.0
1504,7A242C24,1.0
1505,7A2929EE,0.0
1506,7A322525,0.0
1507,7A4ED952,0.0
1508,7A50EEFD,1.0
1509,7A67AFBE,0.0
1510,7A6D8C28,0.0
1511,7A970BCA,1.0
1512,7AAE97EF,0.0
1513,7AAFDAED,0.0
1514,7AED45EC,1.0
1515,7AFCE1EB,0.0
1516,7B033189,1.0
1517,7B0FAFF3,0.0
1518,7B244DF8,0.0
1519,7B3BCB06,0.0
1520,7B6424EE,0.0
1521,7BC1C9EF,1.0
1522,7BD7ECEA,1.0
1523,7BDF6EC4,0.0
1524,7BE62B75,0.0
1525,7BF5BCEC,0.0
1526,7C04CBEE,1.0
1527,7C2C78B0,1.0
1528,7C53A2F0,0.0
1529,7C5AF3F0,0.0
1530,7C60A3B3,0.0
1531,7C67CDEE,0.0
1532,7C7D55EB,1.0
1533,7CAAC9EF,1.0
1534,7CB0194F,1.0
1535,7CC4AE64,0.0
1536,7CDAA267,0.0
1537,7CDDFA27,0.0
1538,7CE1E89D,0.0
1539,7CFC45F7,0.0
1540,7D0502ED,0.0
1541,7D083C5D,0.0
1542,7D0D127C,0.0
1543,7D654931,0.0
1544,7D8115F4,0.0
1545,7DAEB476,0.0
1546,7DCE19B5,0.0
1547,7DDD86FC,0.0
1548,7DE866C6,1.0
1549,7DF2BF32,0.0
1550,7DFDA0D9,0.0
1551,7E221EF1,0.0
1552,7E4AE4F6,0.0
1553,7E685FF2,1.0
1554,7E6E9AFE,0.0
1555,7E703385,1.0
1556,7E70DB77,1.0
1557,7E7402F4,0.0
1558,7E77CEEF,1.0
1559,7E7825FA,0.0
1560,7E7DD10A,1.0
1561,7E8C56F7,0.0
1562,7E9885F2,1.0
1563,7EA34EEF,0.0
1564,7EAA87F4,1.0
1565,7EBE10F2,0.0
1566,7EC2483E,0.0
1567,7ECC121B,0.0
1568,7EFD77F7,0.0
1569,7EFEF7FB,0.0
1570,7F02CBEE,0.0
1571,7F0C6748,0.0
1572,7F13FFE8,0.0
1573,7F21A39B,0.0
1574,7F2A16EE,0.0
1575,7F4634EB,0.0
1576,7F5B5BBE,1.0
1577,7F62F7AA,0.0
1578,7F75646E,1.0
1579,7F80F6F3,1.0
1580,7F8DB1A1,1.0
1581,7FA35E56,0.0
1582,7FA429F5,0.0
1583,7FABDFC4,1.0
1584,7FB43D47,0.0
1585,7FB5BCFF,0.0
1586,7FCE9FFD,0.0
1587,7FF5B650,1.0
1588,7FFF92EF,0.0
1589,8016F1EE,0.0
1590,80262BFD,0.0
1591,8026531F,1.0
1592,802C0AEE,1.0
1593,8038E7D7,1.0
1594,80571674,0.0
1595,805A2BDF,0.0
1596,806E6BF2,1.0
1597,80947FF3,0.0
1598,80A834F2,0.0
1599,80BA8D7F,0.0
1600,80E390ED,0.0
1601,80E456EA,0.0
1602,80F27AFC,0.0
1603,81277093,0.0
1604,816551FB,0.0
1605,816E4441,0.0
1606,817CCBEA,0.0
1607,8190A2AB,0.0
1608,8195F86C,0.0
1609,81A95FF0,0.0
1610,81B7A38A,1.0
1611,81CD71F8,0.0
1612,8224DE34,1.0
1613,82317BFA,0.0
1614,8238293D,0.0
1615,825D9DF2,0.0
1616,82858AF0,0.0
1617,8293FEEB,0.0
1618,82BCD28C,0.0
1619,82C7D1C0,0.0
1620,82DA66F0,0.0
1621,82F175FE,1.0
1622,8315DCEA,0.0
1623,83200EF6,0.0
1624,83234668,1.0
1625,8327066B,1.0
1626,83440E98,0.0
1627,8361FEC9,1.0
1628,836B21F4,1.0
1629,8381B7F2,1.0
1630,8386E8A2,0.0
1631,83997284,0.0
1632,83B2F70D,0.0
1633,83B82AF6,0.0
1634,83BEDCFA,0.0
1635,83C956D3,0.0
1636,83F83BB9,0.0
1637,840079ED,1.0
1638,840194FB,0.0
1639,840F41B2,0.0
1640,841D6BFF,0.0
1641,8426ACEE,0.0
1642,843374F8,0.0
1643,8448656A,1.0
1644,84607049,0.0
1645,84987BB3,0.0
1646,84B66DFD,0.0
1647,84EBC0E2,1.0
1648,84F4FDF1,0.0
1649,850F2F14,0.0
1650,851ED6EB,1.0
1651,853C77F2,0.0
1652,85764BC1,0.0
1653,85B77599,1.0
1654,85C24EFD,1.0
1655,85C67DED,0.0
1656,85D2D604,1.0
1657,85E286F1,1.0
1658,85E6B1FA,1.0
1659,85F1FAEC,0.0
1660,860652EA,1.0
1661,8613C67C,0.0
1662,8623B5F2,0.0
1663,863B4DF5,1.0
1664,869F53F2,1.0
1665,86A769F7,0.0
1666,86B7AF19,1.0
1667,86C1465E,1.0
1668,86D0B3FE,0.0
1669,86D4ED85,0.0
1670,86DDE2B4,1.0
1671,87227BCC,0.0
1672,872EAFF3,1.0
1673,87366E96,1.0
1674,873A13FD,0.0
1675,8750FD58,0.0
1676,875A11F9,0.0
1677,87785E75,0.0
1678,87829EF3,0.0
1679,878E67F5,1.0
1680,87950FF3,0.0
1681,87CCA8EB,1.0
1682,87DEAF79,0.0
1683,8800681A,0.0
1684,8833E5EE,0.0
1685,8836FAAE,0.0
1686,883D4BB8,1.0
1687,886BE382,1.0
1688,88716EEC,0.0
1689,8886C219,1.0
1690,8888F1EA,1.0
1691,88967AEA,0.0
1692,88DF7B89,0.0
1693,88E82FF2,0.0
1694,8903CDF2,0.0
1695,890AC17B,0.0
1696,8943A082,0.0
1697,896FC5EB,0.0
1698,8998CBFE,1.0
1699,899D56B3,0.0
1700,89A2A0EA,0.0
1701,89A45CF6,1.0
1702,89A95FF0,0.0
1703,89C6717E,1.0
1704,89F8F6FA,0.0
1705,89FA568A,1.0
1706,8A1BD4F2,0.0
1707,8A1F5AED,0.0
1708,8A2ECE34,0.0
1709,8A337BFA,0.0
1710,8A754476,0.0
1711,8A8D92F3,0.0
1712,8A93AB65,1.0
1713,8A955DEE,0.0
1714,8ACEA0A7,1.0
1715,8AE73ACF,0.0
1716,8AF3DBAC,0.0
1717,8B0754F9,0.0
1718,8B1FFEFA,0.0
1719,8B2C5C6A,0.0
1720,8B3D74ED,1.0
1721,8B48F6EA,0.0
1722,8B6C9513,0.0
1723,8B6D2B80,1.0
1724,8B74A8FA,1.0
1725,8B79EBF6,0.0
1726,8B88D142,0.0
1727,8B9A9BC6,0.0
1728,8BAE8BD5,0.0
1729,8BBE50EB,0.0
1730,8BBED4EC,0.0
1731,8BD427EF,1.0
1732,8BF53410,0.0
1733,8C43AED5,0.0
1734,8C712FEB,0.0
1735,8C9438FA,0.0
1736,8CDDF7F2,0.0
1737,8CE1D9BF,1.0
1738,8CE5D0FA,0.0
1739,8CE797C8,1.0
1740,8CE7F142,0.0
1741,8CE8C4EF,0.0
1742,8CF232F7,0.0
1743,8D09D784,0.0
1744,8D130E95,0.0
1745,8D18E93E,1.0
1746,8D2BBCA4,0.0
1747,8D380751,0.0
1748,8D50DDD1,0.0
1749,8D60483B,1.0
1750,8D6C11F9,1.0
1751,8D6E3EFB,1.0
1752,8DA6BB98,0.0
1753,8DF6166D,0.0
1754,8E3A8117,1.0
1755,8E3BD99C,0.0
1756,8E3F66EB,0.0
1757,8E4F6214,0.0
1758,8E687DCE,0.0
1759,8E6D487E,0.0
1760,8E76B6F1,0.0
1761,8E807BB8,0.0
1762,8E97A3EF,1.0
1763,8E9CB8FE,1.0
1764,8EC8BDD4,0.0
1765,8EC8D4F7,0.0
1766,8ECE3515,0.0
1767,8EDF7212,1.0
1768,8EE3747C,0.0
1769,8EE9EE4F,0.0
1770,8EFD8DFC,0.0
1771,8F238FF2,0.0
1772,8F2BC7F1,0.0
1773,8F4EDEF7,0.0
1774,8F5BF71B,1.0
1775,8F5CE457,0.0
1776,8F6B2F41,1.0
1777,8F6E772D,0.0
1778,8F8CF9F8,1.0
1779,8F97FDFE,0.0
1780,8FA118E7,1.0
1781,8FBC74FF,0.0
1782,8FBDA4F0,0.0
1783,8FBF2DFB,0.0
1784,8FC15A30,0.0
1785,8FD0C2ED,1.0
1786,8FD427EF,0.0
1787,8FD515FB,0.0
1788,8FD621FB,0.0
1789,8FDB4534,0.0
1790,905B23F8,1.0
1791,9066E0EE,0.0
1792,9069F8F7,0.0
1793,906C2FEB,1.0
1794,906E1ECD,0.0
1795,9079B4E9,1.0
1796,90928B95,1.0
1797,90A0B6EF,0.0
1798,90B892F1,1.0
1799,90C30174,0.0
1800,911612F3,0.0
1801,9139A1C8,0.0
1802,9145A0A2,1.0
1803,91508B97,1.0
1804,9161A7EE,0.0
1805,9166C519,0.0
1806,91A15CEB,0.0
1807,91AD9B5D,0.0
1808,91DB9B78,0.0
1809,91F17DEB,0.0
1810,91F891EE,0.0
1811,9212E1E6,0.0
1812,9223AAF5,0.0
1813,922CB0FF,0.0
1814,92360AF4,1.0
1815,92387477,0.0
1816,923A46F5,1.0
1817,924203EC,0.0
1818,9246A2FB,0.0
1819,92589800,0.0
1820,9285895B,0.0
1821,928D5A2A,0.0
1822,92925855,1.0
1823,92A199F3,1.0
1824,92F8E0EA,0.0
1825,92FEC4EF,0.0
1826,933D76F1,1.0
1827,93573DEF,1.0
1828,936322BF,1.0
1829,9365D1EB,0.0
1830,936780F6,1.0
1831,936FC5F6,0.0
1832,938C4112,1.0
1833,93A38EEB,0.0
1834,93F791F9,1.0
1835,9422BAFB,0.0
1836,9425C3FF,0.0
1837,94522498,1.0
1838,947284BC,1.0
1839,9484B7B4,0.0
1840,94857C3D,0.0
1841,94B2B436,0.0
1842,94B73A2D,0.0
1843,94BA9CF8,1.0
1844,94BFD9F5,0.0
1845,950422D8,0.0
1846,9519B0D4,0.0
1847,952B84CA,1.0
1848,9533EE36,0.0
1849,9544072B,0.0
1850,954F7CCF,0.0
1851,958032F0,0.0
1852,958223EB,0.0
1853,9588B1FE,0.0
1854,95A3432F,0.0
1855,95CDAEF3,0.0
1856,95E6BD23,0.0
1857,95E8770F,0.0
1858,95F13E01,0.0
1859,95FB50F4,0.0
1860,96282CFE,0.0
1861,964129DF,0.0
1862,9661E7F0,0.0
1863,9683C7ED,1.0
1864,968586EA,1.0
1865,96D5D6B1,1.0
1866,96E9FAA4,0.0
1867,96FF8564,0.0
1868,9703E0F2,0.0
1869,9708AA68,0.0
1870,9742A9F2,1.0
1871,974AD8ED,1.0
1872,97827AEA,0.0
1873,97A48B0A,1.0
1874,97BF2DFB,0.0
1875,97E2D6EE,0.0
1876,9803D2FB,1.0
1877,980B87EA,1.0
1878,981A72EB,0.0
1879,9830EDFC,0.0
1880,983C88C3,1.0
1881,983CFEEE,0.0
1882,985E3D9E,1.0
1883,9875D367,0.0
1884,989866F2,0.0
1885,98A2CDEC,1.0
1886,98A6C50F,0.0
1887,98AB5BEA,0.0
1888,98CC8EFF,0.0
1889,98F204C9,0.0
1890,98FB8D8F,0.0
1891,98FE03FC,0.0
1892,992E33F5,0.0
1893,993EE5EE,1.0
1894,99506C3F,1.0
1895,996D4533,1.0
1896,998E7FCC,0.0
1897,99A019FA,0.0
1898,99B2A1F6,0.0
1899,99B34CF0,0.0
1900,99B5228A,1.0
1901,99EA62FB,0.0
1902,9A084567,0.0
1903,9A212B02,0.0
1904,9A361DEE,0.0
1905,9A483B75,0.0
1906,9A4BAD86,1.0
1907,9A5B03EC,0.0
1908,9A5D6E8C,0.0
1909,9A6908FE,1.0
1910,9A778933,1.0
1911,9AA1619F,1.0
1912,9AA67CF7,1.0
1913,9B1B63FC,0.0
1914,9B44BCF2,0.0
1915,9B86F9F8,0.0
1916,9B9478FC,0.0
1917,9BA35549,1.0
1918,9BA421F2,0.0
1919,9BA699F3,0.0
1920,9BBA89ED,1.0
1921,9BCDDCE8,1.0
1922,9BD269CB,1.0
1923,9BD7CECA,0.0
1924,9BD88D9A,1.0
1925,9BE1CFA0,0.0
1926,9BECBCEC,0.0
1927,9BF958F7,0.0
1928,9C274983,0.0
1929,9C3DEBED,0.0
1930,9C4106F1,0.0
1931,9C52A7EE,0.0
1932,9C5642ED,1.0
1933,9C60A803,0.0
1934,9C6705FC,0.0
1935,9C6C3AF3,1.0
1936,9C9B9AD1,1.0
1937,9CA302F2,0.0
1938,9CA4AB3E,0.0
1939,9CB227FC,0.0
1940,9CB27824,0.0
1941,9CE212EB,0.0
1942,9D1804EF,1.0
1943,9D300EEB,1.0
1944,9D365EFE,0.0
1945,9D4A84F3,0.0
1946,9D4BA1FA,0.0
1947,9D52F6EA,0.0
1948,9D72F5FD,0.0
1949,9D98EEF0,0.0
1950,9DA6C537,0.0
1951,9DAE8F84,1.0
1952,9DBE22F3,0.0
1953,9DD3366C,1.0
1954,9DEED3F4,0.0
1955,9DFFE6FF,1.0
1956,9E04B1CF,0.0
1957,9E4795E5,1.0
1958,9E49F3F0,0.0
1959,9E5E309D,1.0
1960,9E779FFE,0.0
1961,9E817CEE,0.0
1962,9E90A0EA,1.0
1963,9E9680FF,1.0
1964,9EA2EBF4,1.0
1965,9EAA5AF2,0.0
1966,9EBFF7EF,0.0
1967,9EC020FA,0.0
1968,9EC54682,0.0
1969,9EF91FAE,1.0
1970,9F05FFF2,0.0
1971,9F10FDEE,0.0
1972,9F1723EF,0.0
1973,9F1D52EA,0.0
1974,9F2AF6EC,0.0
1975,9F3F4095,1.0
1976,9F65E154,0.0
1977,9F92CFF0,0.0
1978,9F9F7120,1.0
1979,9F9F95ED,1.0
1980,9FAD4946,1.0
1981,9FB425F8,1.0
1982,9FEF58F3,0.0
1983,9FF999F1,0.0
1984,9FFCF6CA,1.0
1985,A01C46EA,0.0
1986,A0319245,0.0
1987,A04C75F9,0.0
1988,A06586EA,1.0
1989,A0A2D8FF,0.0
1990,A0E0DDB2,0.0
1991,A0E54B65,1.0
1992,A0E8BDEF,0.0
1993,A135C1FB,0.0
1994,A14DF1EC,0.0
1995,A1597BF8,0.0
1996,A159ACEC,0.0
1997,A16061F6,0.0
1998,A16C71CD,0.0
1999,A1B12A17,0.0
2000,A1B364E1,0.0
2001,A1BE9573,0.0
2002,A1CBB6D2,1.0
2003,A1D8D3F4,0.0
2004,A20E99B0,0.0
2005,A22776F1,0.0
2006,A2384A3B,0.0
2007,A23D1EE9,1.0
2008,A257B2F6,1.0
2009,A2679516,0.0
2010,A27EF5FD,0.0
2011,A29D9025,0.0
2012,A2A784EF,0.0
2013,A2ADD0C7,0.0
2014,A2D076EB,1.0
2015,A2E83B1F,1.0
2016,A2F5E8F8,0.0
2017,A30931D9,0.0
2018,A30BDAD5,0.0
2019,A3104DA3,1.0
2020,A32060F7,0.0
2021,A33A2551,0.0
2022,A33AA739,0.0
2023,A33EA4FF,0.0
2024,A345848E,0.0
2025,A367476D,1.0
2026,A3676CF3,0.0
2027,A3805FF2,0.0
2028,A3865236,0.0
2029,A393E2F0,0.0
2030,A3A224EC,0.0
2031,A3BD5AF2,0.0
2032,A3E5A9F7,0.0
2033,A3EB94FE,0.0
2034,A40D52EA,0.0
2035,A4349BFB,0.0
2036,A44E78F3,0.0
2037,A4525FF4,1.0
2038,A45287ED,0.0
2039,A457EBED,0.0
2040,A48FAFEF,0.0
2041,A4B965EF,0.0
2042,A4BF29F3,1.0
2043,A4C92A0D,0.0
2044,A4DC699C,0.0
2045,A4E783F7,0.0
2046,A5309C23,0.0
2047,A571F532,0.0
2048,A596A5F3,0.0
2049,A59CB91D,0.0
2050,A5BBF6F1,0.0
2051,A5CAF7F2,0.0
2052,A60373EE,1.0
2053,A6190584,1.0
2054,A61D283C,0.0
2055,A625AFF3,0.0
2056,A667E0EE,1.0
2057,A68D23CA,0.0
2058,A6905EC8,0.0
2059,A6A0C4F2,0.0
2060,A6A895D5,0.0
2061,A6B69EA0,1.0
2062,A6EFC381,0.0
2063,A6F2E9EE,0.0
2064,A6F9E54A,0.0
2065,A70525FE,0.0
2066,A70B12F3,0.0
2067,A7164EBA,0.0
2068,A73B8A8A,0.0
2069,A75B83F0,1.0
2070,A7A2EE16,0.0
2071,A7B6F33B,1.0
2072,A7D01D73,0.0
2073,A7EA52ED,1.0
2074,A8088D9A,1.0
2075,A809417A,0.0
2076,A80A4EEB,0.0
2077,A82D3DA9,0.0
2078,A831D5D9,1.0
2079,A831F224,0.0
2080,A8517C76,1.0
2081,A88864F0,0.0
2082,A88D822F,1.0
2083,A8ABBCD0,1.0
2084,A8AE49F6,0.0
2085,A8CCCFF9,0.0
2086,A8DC4E4C,1.0
2087,A90993EF,0.0
2088,A91FC8DE,1.0
2089,A9238BEA,0.0
2090,A94E37F0,1.0
2091,A9785DEE,0.0
2092,A9B23244,0.0
2093,A9BFC372,0.0
2094,A9E033C1,1.0
2095,A9E155FE,1.0
2096,A9E30580,1.0
2097,A9F452F8,0.0
2098,AA12FDEE,0.0
2099,AA132DA9,1.0
2100,AA345CFA,0.0
2101,AA384C61,0.0
2102,AA3AFD86,0.0
2103,AA456432,1.0
2104,AA6268ED,1.0
2105,AA78F6FE,0.0
2106,AA7A61EB,0.0
2107,AA853AF3,1.0
2108,AA8AC718,0.0
2109,AA9AF1EA,0.0
2110,AABDECEA,0.0
2111,AADA78EF,0.0
2112,AAFCF629,0.0
2113,AB198DEE,0.0
2114,AB2A22F7,1.0
2115,AB34A0EE,0.0
2116,AB45B7FF,0.0
2117,AB4A4DEA,1.0
2118,AB4C2AEF,1.0
2119,AB52F7E7,1.0
2120,AB5694EE,1.0
2121,AB6D8E64,1.0
2122,AB8115F4,0.0
2123,AB8F753C,0.0
2124,AB964368,0.0
2125,ABAEAEED,0.0
2126,ABD8ABFB,0.0
2127,ABE89462,0.0
2128,AC1E4395,0.0
2129,AC3126F4,1.0
2130,AC5CB054,0.0
2131,AC733AF3,0.0
2132,AC84F9ED,0.0
2133,AC86AAFC,0.0
2134,AC9F89ED,1.0
2135,ACB2B72B,0.0
2136,ACC1C6A6,0.0
2137,ACC211BA,0.0
2138,ACCE9CED,0.0
2139,ACD065EF,0.0
2140,ACDE23E1,0.0
2141,AD1F3DD9,0.0
2142,AD1FD40D,0.0
2143,AD25130C,1.0
2144,AD27E385,0.0
2145,AD584CF6,0.0
2146,AD610299,0.0
2147,AD6162DE,1.0
2148,AD6C8E8D,0.0
2149,AD896BF0,0.0
2150,AD972346,0.0
2151,ADBB0DFA,1.0
2152,ADED00C2,0.0
2153,ADEF54FC,0.0
2154,AE7DD3F8,0.0
2155,AE7F7EF2,0.0
2156,AE8AFEEB,0.0
2157,AE95F2EB,0.0
2158,AEABB5F9,0.0
2159,AEBC1CA7,0.0
2160,AEC690F8,0.0
2161,AEE01DF3,0.0
2162,AF2F2DFF,0.0
2163,AF327897,0.0
2164,AF4A77F2,0.0
2165,AF90DAED,1.0
2166,AFAEC0EB,0.0
2167,AFBC53FB,0.0
2168,AFC2C2ED,0.0
2169,AFFA45C3,0.0
2170,B00CC7E5,1.0
2171,B016C2F3,1.0
2172,B0373FFE,0.0
2173,B06AD2A2,0.0
2174,B0937AF5,1.0
2175,B0A21E84,0.0
2176,B0A7AFC7,1.0
2177,B0B496C9,1.0
2178,B0DBB959,1.0
2179,B11C60F7,0.0
2180,B164C8F0,0.0
2181,B1665AB7,1.0
2182,B168E5EC,0.0
2183,B17FDE9C,1.0
2184,B19095ED,0.0
2185,B1A19A7F,1.0
2186,B1B484EF,1.0
2187,B1E1268B,1.0
2188,B1FB31FF,0.0
2189,B1FE73EF,1.0
2190,B20A8F9B,0.0
2191,B22E02EB,0.0
2192,B26827F0,0.0
2193,B2724AA0,0.0
2194,B2888006,0.0
2195,B28A102A,0.0
2196,B2A99DF0,0.0
2197,B2AA3CF5,0.0
2198,B2DD30FE,0.0
2199,B2E05263,0.0
2200,B2FFEAFA,0.0
2201,B320D643,0.0
2202,B34A89A3,0.0
2203,B36607FD,0.0
2204,B37F5648,1.0
2205,B3A66B18,0.0
2206,B3F01E25,1.0
2207,B4003AF7,0.0
2208,B40B6FF1,1.0
2209,B4112A0A,0.0
2210,B4575B54,1.0
2211,B45A31FA,0.0
2212,B46DCBD7,1.0
2213,B4787CBF,0.0
2214,B48813F0,0.0
2215,B4997B25,1.0
2216,B5035491,1.0
2217,B5693EF0,0.0
2218,B57F87F6,0.0
2219,B5BD47B2,1.0
2220,B5C8C2F8,1.0
2221,B5DC9DF9,0.0
2222,B5EF4F2A,0.0
2223,B5EFB5FE,0.0
2224,B5F85BD6,0.0
2225,B5FDD7EF,1.0
2226,B6108752,0.0
2227,B62210EF,0.0
2228,B6377712,1.0
2229,B642970E,0.0
2230,B66601FE,0.0
2231,B6859FF4,1.0
2232,B68874F6,0.0
2233,B6A05C56,0.0
2234,B6BACD89,0.0
2235,B6BFD1C6,1.0
2236,B6D9BBEB,0.0
2237,B6DBE4F2,0.0
2238,B6EB02FB,0.0
2239,B71C7C99,0.0
2240,B72C4198,0.0
2241,B75C4201,0.0
2242,B76546FE,0.0
2243,B76B48B0,0.0
2244,B793453C,1.0
2245,B7995601,1.0
2246,B79C9EFC,1.0
2247,B7B01C72,1.0
2248,B7D10EFB,1.0
2249,B814C718,0.0
2250,B84CC430,1.0
2251,B85DC5EB,0.0
2252,B86B8BF3,0.0
2253,B86BF8F7,0.0
2254,B86C5FBA,0.0
2255,B87AC4F3,0.0
2256,B894F2EB,0.0
2257,B89E97AB,0.0
2258,B8BBE186,0.0
2259,B8DA63E0,0.0
2260,B8E8E8B0,0.0
2261,B8FDD6EE,0.0
2262,B8FFA435,0.0
2263,B90A7FEC,1.0
2264,B91D00EE,0.0
2265,B92A9D23,0.0
2266,B93FDBF2,1.0
2267,B9BAE5EA,0.0
2268,B9BD0CF7,1.0
2269,B9D1A19A,0.0
2270,B9D3743A,1.0
2271,B9EF1764,0.0
2272,B9FBAF71,0.0
2273,BA0FDE53,0.0
2274,BA2646EA,1.0
2275,BA3B36EF,0.0
2276,BA485981,0.0
2277,BA61B33B,0.0
2278,BA6D3E5F,0.0
2279,BA6FD8F6,0.0
2280,BA931EF8,1.0
2281,BADB259A,0.0
2282,BAF691F9,1.0
2283,BB40A2E1,0.0
2284,BB55AA9C,0.0
2285,BB6AFADD,0.0
2286,BB7987EB,0.0
2287,BB9466F2,1.0
2288,BBA72AF6,0.0
2289,BBBB84EF,0.0
2290,BBC68FEC,0.0
2291,BBE8BBEB,0.0
2292,BBEE62F3,0.0
2293,BC3D04EF,0.0
2294,BC49A3F3,0.0
2295,BC4A0CDE,1.0
2296,BC4E0F0D,1.0
2297,BC6B70FB,0.0
2298,BC77ADED,1.0
2299,BC92BB20,0.0
2300,BC9B17EB,0.0
2301,BCA599F3,0.0
2302,BCFB8C15,1.0
2303,BD1BFEFA,0.0
2304,BD200951,0.0
2305,BD2652EA,0.0
2306,BD4FE81F,1.0
2307,BD5942ED,0.0
2308,BD6256F5,0.0
2309,BD63BAF8,0.0
2310,BD65D9EE,1.0
2311,BD81A144,0.0
2312,BD996292,0.0
2313,BD9C3CF5,0.0
2314,BDA9B044,1.0
2315,BDB429A2,0.0
2316,BDC9D7F1,0.0
2317,BDC9F2F4,0.0
2318,BDCCAAEF,0.0
2319,BE11E0F2,0.0
2320,BE2A4571,1.0
2321,BE9FF7F4,0.0
2322,BEBF387F,0.0
2323,BECB4C2A,0.0
2324,BEEBE4E7,0.0
2325,BEF401C2,0.0
2326,BEFB4B42,0.0
2327,BF21173A,0.0
2328,BF30E41D,0.0
2329,BF5B7C93,1.0
2330,BF82DE1C,0.0
2331,BF842666,1.0
2332,BFA49DF0,1.0
2333,BFA529F5,0.0
2334,BFD61FDD,0.0
2335,BFDB5BBD,0.0
2336,BFF410F2,1.0
2337,C005B0EB,0.0
2338,C01752EA,0.0
2339,C02DDB5D,0.0
2340,C04EA1C0,0.0
2341,C061ADED,0.0
2342,C0930FD3,1.0
2343,C09403F5,0.0
2344,C09A0F0A,1.0
2345,C0ABE0E9,0.0
2346,C0DA9E38,0.0
2347,C0E676EB,0.0
2348,C10D249E,1.0
2349,C119CEF3,1.0
2350,C12246EA,0.0
2351,C12CF1EE,0.0
2352,C1420F2B,1.0
2353,C15808C6,0.0
2354,C15DDEFB,0.0
2355,C19872F2,1.0
2356,C1B55567,0.0
2357,C1C99182,1.0
2358,C1FDC8F6,1.0
2359,C2339153,1.0
2360,C24ACF74,1.0
2361,C26012C8,0.0
2362,C26BC2FF,1.0
2363,C2B4EA4A,1.0
2364,C2C1EFEF,1.0
2365,C2E872EE,0.0
2366,C2F560D8,0.0
2367,C2F83905,0.0
2368,C2FAE6EB,0.0
2369,C301B8EE,0.0
2370,C3175DEE,0.0
2371,C321C0FA,0.0
2372,C32CD0F5,1.0
2373,C34050FA,1.0
2374,C352B894,0.0
2375,C36096F0,0.0
2376,C39013FB,0.0
2377,C39C17AA,0.0
2378,C3B07FFC,0.0
2379,C3DCC2ED,0.0
2380,C3E545F7,0.0
2381,C40F95C1,1.0
2382,C412DDD5,1.0
2383,C42A7EF4,0.0
2384,C42AD0EA,0.0
2385,C461C37B,1.0
2386,C4621ECA,1.0
2387,C46CC3FD,0.0
2388,C48CC01F,1.0
2389,C49246BE,0.0
2390,C49755EB,0.0
2391,C4A795ED,0.0
2392,C4E58E71,0.0
2393,C4EFD8F2,0.0
2394,C4F552ED,0.0
2395,C50A7808,1.0
2396,C50BAEF2,0.0
2397,C546FECC,0.0
2398,C5663500,0.0
2399,C56FB5F0,1.0
2400,C5709CFA,1.0
2401,C5ACD0CF,0.0
2402,C5C0A7B1,0.0
2403,C5C907AE,0.0
2404,C5C9AAEF,0.0
2405,C5DBEB3B,0.0
2406,C6138C5D,1.0
2407,C616CBEE,1.0
2408,C634BAFB,0.0
2409,C64DFBA6,0.0
2410,C65480F6,0.0
2411,C662C5EB,1.0
2412,C6674E14,0.0
2413,C6A55B02,1.0
2414,C6CF8FEC,0.0
2415,C6FB5ACA,1.0
2416,C71D22D6,0.0
2417,C732762F,0.0
2418,C74975EE,1.0
2419,C75D8C6A,0.0
2420,C769C3F2,0.0
2421,C7811CC0,0.0
2422,C7A081EA,0.0
2423,C7EFD67A,1.0
2424,C886DF28,1.0
2425,C890D7FE,0.0
2426,C8BC7D57,0.0
2427,C8BDE4F2,1.0
2428,C8FCC97D,0.0
2429,C918C1DB,1.0
2430,C9751B30,0.0
2431,C9783441,0.0
2432,C9957EF0,0.0
2433,CA127B25,1.0
2434,CA1BCBEE,0.0
2435,CA4C2AC7,1.0
2436,CA6296F0,0.0
2437,CA6AE98A,0.0
2438,CACF8553,0.0
2439,CAFAD00D,1.0
2440,CB469425,0.0
2441,CB5DF1EC,1.0
2442,CBA3A55C,1.0
2443,CBAEEB40,1.0
2444,CBC2E6EB,1.0
2445,CBCB27FA,0.0
2446,CC10292E,0.0
2447,CC27F9FC,0.0
2448,CC520A42,0.0
2449,CC648EED,0.0
2450,CC8A9F2B,0.0
2451,CC97C2EF,1.0
2452,CC9A617F,1.0
2453,CCBA5EA6,1.0
2454,CCEADCC1,1.0
2455,CCF0B1FA,0.0
2456,CD0DF489,0.0
2457,CD193BDF,0.0
2458,CD2516A0,1.0
2459,CD6B3FF1,0.0
2460,CD8286EA,0.0
2461,CD86D3F8,0.0
2462,CD8FC5FF,0.0
2463,CD9471B7,1.0
2464,CDA8FF81,0.0
2465,CDAD8184,0.0
2466,CDD25BF3,0.0
2467,CDF184F8,1.0
2468,CE3DE847,0.0
2469,CE5E2BF0,0.0
2470,CEA2DE04,0.0
2471,CEA99FFD,0.0
2472,CED3710E,1.0
2473,CED644B6,0.0
2474,CEDF0D86,0.0
2475,CEFF2F5F,0.0
2476,CF371AF4,0.0
2477,CF3966EB,0.0
2478,CF4FBD8D,0.0
2479,CF5C94EE,0.0
2480,CF5F5655,0.0
2481,CF6590F4,0.0
2482,CF8161EB,1.0
2483,CF9B8097,1.0
2484,CFB16DB5,0.0
2485,CFB23160,0.0
2486,CFBEE8EF,1.0
2487,CFCAF7F2,0.0
2488,CFD746FA,0.0
2489,CFDE15FB,1.0
2490,CFE956FA,0.0
2491,CFEA5AF0,0.0
2492,CFF016F1,0.0
2493,D036FDF7,0.0
2494,D0502DF4,0.0
2495,D05A7FC1,0.0
2496,D0697232,0.0
2497,D069CAF4,1.0
2498,D097BAF7,1.0
2499,D0A9F3F8,0.0
2500,D0C0BFAA,1.0
2501,D0C8BF45,1.0
2502,D0CA4292,1.0
2503,D0D89A47,0.0
2504,D0F68BF7,0.0
2505,D1567AEC,0.0
2506,D17559F3,0.0
2507,D1D7C279,0.0
2508,D1EB92EF,0.0
2509,D200ED59,1.0
2510,D21D845E,0.0
2511,D2365F76,0.0
2512,D2386EF9,1.0
2513,D23CD721,0.0
2514,D24A2746,0.0
2515,D27E1065,0.0
2516,D28A0EF2,0.0
2517,D2B86328,0.0
2518,D2E632F7,1.0
2519,D2E9E0EA,0.0
2520,D2F9EA5A,0.0
2521,D2FC2756,1.0
2522,D3076AFE,0.0
2523,D3361D98,0.0
2524,D34660F5,0.0
2525,D3496F22,0.0
2526,D358AA76,0.0
2527,D3902DF2,1.0
2528,D3A42857,0.0
2529,D3AA34F2,0.0
2530,D3EBA3B4,1.0
2531,D3ED99FC,1.0
2532,D403EDF3,0.0
2533,D40A35F9,0.0
2534,D416C4EC,0.0
2535,D42248EE,0.0
2536,D427D2EE,1.0
2537,D43B441C,0.0
2538,D4452AEF,0.0
2539,D49248F5,0.0
2540,D4A56BF0,0.0
2541,D4BD5227,1.0
2542,D4ECBD2B,0.0
2543,D4F765ED,0.0
2544,D508A6EF,0.0
2545,D5519190,1.0
2546,D5ACEDF8,0.0
2547,D5B8C6F5,1.0
2548,D5D60C3D,0.0
2549,D5D730B5,0.0
2550,D5E814E9,0.0
2551,D5FA9450,0.0
2552,D6336BD1,0.0
2553,D64A0DFE,0.0
2554,D65BCDEE,0.0
2555,D68286EA,0.0
2556,D6AD97EF,0.0
2557,D6B12054,0.0
2558,D6D9AF76,0.0
2559,D6E3E4C2,0.0
2560,D6E51E68,1.0
2561,D6E7FF96,0.0
2562,D722D6EB,1.0
2563,D72C82A9,0.0
2564,D72F0D58,0.0
2565,D7305BEE,0.0
2566,D73354E2,0.0
2567,D739723A,0.0
2568,D73F2F66,0.0
2569,D75328EB,0.0
2570,D75550D3,1.0
2571,D78A3AF3,0.0
2572,D7A11BBA,0.0
2573,D7BB95F6,1.0
2574,D7D890F8,0.0
2575,D7DB85D2,0.0
2576,D8280830,0.0
2577,D8570F45,0.0
2578,D86BAAF3,0.0
2579,D8D331F6,1.0
2580,D8FEE0C4,1.0
2581,D915CD12,0.0
2582,D9205FFB,1.0
2583,D92752B7,1.0
2584,D931F9A4,0.0
2585,D933B147,1.0
2586,D936FED4,0.0
2587,D9453BB8,1.0
2588,D94AF0B5,0.0
2589,D96689D8,1.0
2590,D9801541,0.0
2591,D9B406ED,0.0
2592,D9DF52ED,0.0
2593,D9F58DED,1.0
2594,DA05B5F4,0.0
2595,DA121588,1.0
2596,DA2D7B2E,0.0
2597,DA74BDF3,0.0
2598,DA756CF3,1.0
2599,DA7B99EA,1.0
2600,DA7E9424,0.0
2601,DAD975EA,1.0
2602,DAEF4DEF,0.0
2603,DB0D6E31,0.0
2604,DB38F5FF,0.0
2605,DB912CD6,0.0
2606,DBA127FC,0.0
2607,DBD686FC,0.0
2608,DBDF90ED,0.0
2609,DBE0167F,0.0
2610,DC28E68A,0.0
2611,DC4E6CEA,0.0
2612,DC79C0ED,1.0
2613,DC862836,0.0
2614,DC8909FF,1.0
2615,DC8ECA98,0.0
2616,DC95AF38,1.0
2617,DCBB6F37,0.0
2618,DCEB98A0,0.0
2619,DCF13554,0.0
2620,DCF52CA9,0.0
2621,DD0ECDA1,0.0
2622,DD4AB6F3,0.0
2623,DD52D1EB,0.0
2624,DD743B19,0.0
2625,DDA79ACE,1.0
2626,DDFDA2F5,0.0
2627,DE0ED703,0.0
2628,DE1168EF,1.0
2629,DE206BC8,0.0
2630,DE211A25,0.0
2631,DE4EF9EF,0.0
2632,DE6A68ED,1.0
2633,DEA95EEF,1.0
2634,DECEFBA4,0.0
2635,DEF315FB,0.0
2636,DF085F03,1.0
2637,DF092FA7,0.0
2638,DF0F87E0,1.0
2639,DF29C8FD,0.0
2640,DF4995F4,0.0
2641,DF5924F9,0.0
2642,DF6138F1,0.0
2643,DF6258F2,1.0
2644,DF631B01,1.0
2645,DF94EAFE,0.0
2646,DF96AEAA,0.0
2647,DFAA20EF,0.0
2648,DFCFFA30,0.0
2649,DFE4423F,0.0
2650,DFED44EB,1.0
2651,E0247160,0.0
2652,E04000FD,0.0
2653,E0439C00,0.0
2654,E05ABD2D,0.0
2655,E07AF2ED,0.0
2656,E08B1B3A,1.0
2657,E0AE7FF1,0.0
2658,E0BF35F3,0.0
2659,E0CCBAF5,0.0
2660,E0E2755B,1.0
2661,E11657FE,0.0
2662,E11FD383,0.0
2663,E17228F4,0.0
2664,E18C5337,0.0
2665,E19F2277,1.0
2666,E1A69AE7,0.0
2667,E1B162EA,0.0
2668,E23CAFBA,1.0
2669,E2704B62,0.0
2670,E28723EB,0.0
2671,E2FB31FF,0.0
2672,E305EAF9,1.0
2673,E30E7EEB,1.0
2674,E32809F8,1.0
2675,E3376FFA,0.0
2676,E36492F5,0.0
2677,E378BEF4,1.0
2678,E37DF44E,0.0
2679,E385B1FE,0.0
2680,E3B53FFA,0.0
2681,E3B5C29E,0.0
2682,E3DD86F1,1.0
2683,E4092F54,0.0
2684,E41510EF,0.0
2685,E42383D9,0.0
2686,E426E7F2,1.0
2687,E43B94E8,1.0
2688,E446EDFC,1.0
2689,E467A737,0.0
2690,E4731A9B,1.0
2691,E4A15AE6,1.0
2692,E4CCF9A4,0.0
2693,E4ED18F5,1.0
2694,E4FD16BD,1.0
2695,E50C0EF6,0.0
2696,E514A7CE,0.0
2697,E52EFAF2,1.0
2698,E565E7DF,0.0
2699,E576CEEF,0.0
2700,E57B18EE,0.0
2701,E57BFEF6,1.0
2702,E5B42F80,1.0
2703,E5BBD4F7,0.0
2704,E5D6D2FE,0.0
2705,E60ECD7F,0.0
2706,E6169FF8,0.0
2707,E641F270,1.0
2708,E6468AF2,0.0
2709,E65982FA,0.0
2710,E6914DA5,0.0
2711,E69F79F2,0.0
2712,E6AF8B44,0.0
2713,E6B53BF2,0.0
2714,E6BA15F2,0.0
2715,E6CC27FA,0.0
2716,E6CD9811,0.0
2717,E6E86AF6,0.0
2718,E6F423D3,0.0
2719,E71B6B47,0.0
2720,E75E3EED,1.0
2721,E77386EA,0.0
2722,E77BE717,0.0
2723,E7B291F0,0.0
2724,E7DFEB9A,0.0
2725,E7F665F8,0.0
2726,E7F6A08A,1.0
2727,E81118FD,1.0
2728,E835CD2C,0.0
2729,E8404DEA,0.0
2730,E849DEF7,0.0
2731,E862FA3B,0.0
2732,E86605F9,0.0
2733,E88D7AEA,0.0
2734,E89E9D67,0.0
2735,E8CC01FA,0.0
2736,E8D0F7F2,1.0
2737,E8D0FEA8,1.0
2738,E8D68210,0.0
2739,E8F348EF,0.0
2740,E9025EF5,0.0
2741,E9076C24,0.0
2742,E9487FF5,0.0
2743,E9498458,0.0
2744,E951A7A8,1.0
2745,E95AC9F3,0.0
2746,E95F3BEB,0.0
2747,E968C991,0.0
2748,E9850220,1.0
2749,E9954019,0.0
2750,E99A6815,1.0
2751,E99C78FC,1.0
2752,E9B2E1F8,1.0
2753,E9C9B7FB,0.0
2754,E9E2EFEF,0.0
2755,E9ECAEF5,1.0
2756,EA1677F4,0.0
2757,EA221701,0.0
2758,EA3FBEF6,0.0
2759,EA7759F3,0.0
2760,EA7E74A9,1.0
2761,EA8322F5,1.0
2762,EA83CEEF,1.0
2763,EA86490B,0.0
2764,EA9FFEE7,0.0
2765,EAB4CBD0,0.0
2766,EACE8DF3,0.0
2767,EAD162EA,0.0
2768,EB1328A2,1.0
2769,EB4CA3DA,1.0
2770,EB4D4CF4,1.0
2771,EB73C6F7,1.0
2772,EB7847F8,0.0
2773,EB95DF78,0.0
2774,EB9CBAF7,0.0
2775,EB9EE2F0,0.0
2776,EBAA90EF,0.0
2777,EBBA1153,0.0
2778,EBF145F7,0.0
2779,EC0D06F3,1.0
2780,EC3313DF,0.0
2781,EC574E23,0.0
2782,EC7A1AFD,0.0
2783,EC7AA6F6,1.0
2784,EC84CA2B,0.0
2785,EC8C23EB,1.0
2786,ECBC2793,1.0
2787,ECE566F0,0.0
2788,ED295E32,0.0
2789,ED334EED,0.0
2790,ED3645F8,0.0
2791,ED4103F7,0.0
2792,ED5826FD,0.0
2793,ED6BD686,1.0
2794,ED96936E,1.0
2795,EDC9463C,1.0
2796,EDCAEB0C,0.0
2797,EDE9FEF2,1.0
2798,EE1CCAF6,0.0
2799,EE3BC8E6,1.0
2800,EE4542ED,0.0
2801,EE4C331D,0.0
2802,EE7A9D13,1.0
2803,EE953EEE,0.0
2804,EEABFC4D,0.0
2805,EEC17C2E,1.0
2806,EEC5DF6A,1.0
2807,EEDC1215,1.0
2808,EEF6150E,0.0
2809,EF4DD9EE,1.0
2810,EF5E93F6,0.0
2811,EFBB1A82,1.0
2812,EFC32566,0.0
2813,EFCC5660,0.0
2814,F00002ED,0.0
2815,F004D3F1,0.0
2816,F014DEF9,0.0
2817,F02CAAEA,0.0
2818,F03D4364,0.0
2819,F04B7D4B,1.0
2820,F04D94EE,0.0
2821,F05113FD,0.0
2822,F0612CF1,0.0
2823,F09468AB,1.0
2824,F09B33F2,0.0
2825,F0B5F0EA,1.0
2826,F11B46EA,1.0
2827,F12683CE,1.0
2828,F128DFFA,0.0
2829,F13EB8DD,1.0
2830,F180E0EE,1.0
2831,F1E1EDEB,0.0
2832,F1E756EA,1.0
2833,F1F4EE65,0.0
2834,F2149CD5,0.0
2835,F225DDF6,0.0
2836,F2565236,1.0
2837,F261BDF3,0.0
2838,F29D4159,1.0
2839,F2A81FF9,0.0
2840,F2B2E552,0.0
2841,F2BC68FF,0.0
2842,F2CC1FEC,0.0
2843,F2F1D51E,1.0
2844,F2FD30F3,0.0
2845,F31470EC,0.0
2846,F32E71F3,1.0
2847,F343F0F6,0.0
2848,F3491496,0.0
2849,F35358F2,1.0
2850,F36CBD22,0.0
2851,F372DE9A,0.0
2852,F37417AD,1.0
2853,F3B271EF,0.0
2854,F3B8BE3C,0.0
2855,F3E9CC07,1.0
2856,F3F072F9,0.0
2857,F3F2D417,0.0
2858,F3F74A2C,0.0
2859,F3FECC52,0.0
2860,F400716D,0.0
2861,F40C9037,1.0
2862,F40FB0EB,0.0
2863,F41F7AEE,0.0
2864,F4296DED,0.0
2865,F432B0FF,0.0
2866,F4488BEA,1.0
2867,F4663DBF,0.0
2868,F48D9B88,0.0
2869,F4AF8FEC,0.0
2870,F4CC2EFC,1.0
2871,F4D5D2FE,0.0
2872,F4DEC1F5,0.0
2873,F4E1B96C,0.0
2874,F51772EB,0.0
2875,F5222F7C,1.0
2876,F52240A0,1.0
2877,F52C58F4,0.0
2878,F52F52FE,0.0
2879,F5412FF8,0.0
2880,F56330EE,0.0
2881,F56D9BDF,0.0
2882,F57D05F9,0.0
2883,F58B77F0,1.0
2884,F5960AF5,0.0
2885,F5B004AE,0.0
2886,F5B4FB9E,0.0
2887,F5D22420,0.0
2888,F5D7E711,0.0
2889,F5D95CEE,0.0
2890,F5E59BBA,0.0
2891,F60D6DC3,0.0
2892,F618DDBD,0.0
2893,F64859EB,0.0
2894,F64A0C0E,0.0
2895,F67F47B9,1.0
2896,F68064F0,1.0
2897,F680B7F2,0.0
2898,F68704A1,1.0
2899,F68A0B0C,1.0
2900,F693FAA5,1.0
2901,F6DEF0A8,1.0
2902,F6E7B1FA,1.0
2903,F6E9E714,1.0
2904,F6FB366C,1.0
2905,F7226559,0.0
2906,F72D6BF4,0.0
2907,F79787C2,1.0
2908,F79866FD,0.0
2909,F7C3205E,1.0
2910,F7C7AF7C,0.0
2911,F7E23CF3,0.0
2912,F858A4FF,0.0
2913,F87CF6F3,0.0
2914,F89B365C,1.0
2915,F8A6B8FE,0.0
2916,F8AA8AB7,1.0
2917,F8AC9794,0.0
2918,F8B72A04,0.0
2919,F8D515FB,1.0
2920,F8E3C74E,1.0
2921,F8F639F7,0.0
2922,F904AD99,0.0
2923,F92ACA04,0.0
2924,F9544736,0.0
2925,F9840BF8,0.0
2926,F989DC43,0.0
2927,F9BC1BFC,0.0
2928,F9DBF4ED,0.0
2929,F9E344DC,0.0
2930,F9F28FEA,1.0
2931,FA0F3896,0.0
2932,FA11835D,0.0
2933,FA36B14F,0.0
2934,FA61F6E3,0.0
2935,FA6470F5,0.0
2936,FA75E3F3,0.0
2937,FA85FDEA,0.0
2938,FAA2EBF4,1.0
2939,FAA5F851,1.0
2940,FAC32978,0.0
2941,FAF0F84F,1.0
2942,FAF5C1F5,0.0
2943,FB06A9F4,1.0
2944,FB0E29A9,0.0
2945,FB111FDD,0.0
2946,FB1C23EF,0.0
2947,FB32A0DA,0.0
2948,FB40C49F,0.0
2949,FB478EFA,0.0
2950,FB8C3402,0.0
2951,FB9392FE,0.0
2952,FBA18E32,0.0
2953,FBB5206D,0.0
2954,FBD422FC,0.0
2955,FBD556EA,1.0
2956,FC2DBE29,0.0
2957,FC2F6936,0.0
2958,FC468EFA,0.0
2959,FC573BEB,0.0
2960,FC5F6BF3,0.0
2961,FCA189ED,0.0
2962,FCA53C9D,0.0
2963,FCC3FBEF,0.0
2964,FD06EA9B,0.0
2965,FD0C15F4,0.0
2966,FD3396F2,1.0
2967,FD494CF4,0.0
2968,FD4F7BF8,1.0
2969,FD720A4F,0.0
2970,FD739224,0.0
2971,FD7C23F6,0.0
2972,FD8CA7F3,0.0
2973,FD8DFBF1,1.0
2974,FDAA7114,1.0
2975,FDFD45EC,0.0
2976,FE3EC605,0.0
2977,FE41A0EE,1.0
2978,FE470156,0.0
2979,FE4F93E6,0.0
2980,FE6AF33E,0.0
2981,FE6CFDEA,0.0
2982,FE71B1FE,0.0
2983,FE8399EA,0.0
2984,FEBF0BF6,0.0
2985,FEF1DE2E,0.0
2986,FF029979,0.0
2987,FF0471EA,0.0
2988,FF1332FF,0.0
2989,FF534AFB,0.0
2990,FF5CA857,0.0
2991,FF71697E,0.0
2992,FF72A5F5,0.0
2993,FFAC5AF2,1.0
2994,FFBC1BFF,1.0
2995,FFDCE6CF,1.0
2996,FFEC83EC,0.0
2997,FFEF1BFA,1.0
2998,FFF547E8,0.0
2999,FFF7D6FA,1.0
